<?xml version="1.0" encoding="UTF-8"?>
<project-private xmlns="http://www.netbeans.org/ns/project-private/1">
    <editor-bookmarks xmlns="http://www.netbeans.org/ns/editor-bookmarks/2" lastBookmarkId="0"/>
    <open-files xmlns="http://www.netbeans.org/ns/projectui-open-files/2">
        <group>
            <file>file:/C:/Users/Atati/OneDrive/Documentos/NetBeansProjects/MascotasW/web/Canino.jsp</file>
            <file>file:/C:/Users/Atati/OneDrive/Documentos/NetBeansProjects/MascotasW/web/index.html</file>
            <file>file:/C:/Users/Atati/OneDrive/Documentos/NetBeansProjects/MascotasW/web/css/estilopp.css</file>
            <file>file:/C:/Users/Atati/OneDrive/Documentos/NetBeansProjects/MascotasW/web/Felino.jsp</file>
            <file>file:/C:/Users/Atati/OneDrive/Documentos/NetBeansProjects/MascotasW/web/consulta.jsp</file>
            <file>file:/C:/Users/Atati/OneDrive/Documentos/NetBeansProjects/MascotasW/web/Mensaje.jsp</file>
        </group>
    </open-files>
</project-private>
